{
  "university_info": {
    "name": "Восточно-Казахстанский университет имени Сарсена Аманжолова",
    "short_name": "ВКУ им. С. Аманжолова",
    "english_name": "Sarsen Amanzholov East Kazakhstan University",
    "abbreviation": "ВКУ",
    "location": "г. Усть-Каменогорск, Восточно-Казахстанская область, Казахстан",
    "website_ru": "https://vku.edu.kz/ru/",
    "website_en": "https://vku.edu.kz/en/",
    "established": "1952 год (как Усть-Каменогорский педагогический институт)",
    "renamed_1991": "1991 год - преобразован в Восточно-Казахстанский государственный университет",
    "renamed_2003": "2003 год - получил современное имя в честь лингвиста Сарсена Аманжолова",
    "type": "Многопрофильный государственный университет",
    "description": "Ведущее многопрофильное высшее учебное заведение Восточно-Казахстанской области"
  },

  "contacts": {
    "rector_office_phone": "+7 (7232) 25-23-16",
    "chancellor_phone": "+7 (7232) 24-14-71",
    "general_phone": "+7 (7232) 540-812",
    "email_general": "kense@vku.edu.kz",
    "email_rector": "rector@vku.edu.kz",
    "main_address": "Республика Казахстан, Восточно-Казахстанская область, г. Усть-Каменогорск, ул. Казахстан, 55, индекс 070000",
    "building_1_address": "ул. 30-й Гвардейской Дивизии, 34, г. Усть-Каменогорск",
    "social_media": {
      "instagram": "@amanzholov_university",
      "followers": "13K+"
    }
  },

  "rector": {
    "name": "ТОЛЕГЕН МУХТАР АДИЛЬБЕКУЛЫ",
    "position": "Председатель правления - Ректор"
  },

  "academic_structure": {
    "higher_schools": [
      {
        "name": "Высшая школа бизнеса и права",
        "programs": [
          "Бизнес-администрирование",
          "Экономика",
          "Финансы",
          "Право",
          "Государственное и муниципальное управление"
        ]
      },
      {
        "name": "Высшая школа гуманитарных наук",
        "programs": [
          "Казахская филология",
          "Русская филология",
          "Журналистика",
          "История",
          "Международные отношения",
          "Философия",
          "Культурология"
        ]
      },
      {
        "name": "Высшая школа IT и естественных наук",
        "programs": [
          "Информационные системы",
          "Программирование",
          "Компьютерные науки",
          "Сетевые технологии",
          "Кибербезопасность",
          "Математика",
          "Физика",
          "Химия",
          "Биология"
        ]
      },
      {
        "name": "Высшая школа педагогики",
        "programs": [
          "Педагогика",
          "Психология",
          "Специальное образование",
          "Физическая культура и спорт",
          "Искусство и дизайн"
        ]
      },
      {
        "name": "Высший колледж",
        "description": "Подготовка по специализированным программам"
      }
    ],
    "total_programs_bachelor": 89,
    "total_programs_master": 46,
    "total_programs_phd": 12,
    "international_partnerships": 115,
    "dual_degree_programs": 10
  },

  "educational_levels": {
    "bachelor": {
      "duration": "4 года",
      "description": "Первая ступень высшего образования",
      "programs_count": 89,
      "main_areas": [
        "Педагогика",
        "Психология",
        "Экология",
        "IT-науки",
        "Естественные науки",
        "Гуманитарные науки",
        "Бизнес и экономика",
        "Право"
      ]
    },
    "master": {
      "duration": "2 года",
      "description": "Вторая ступень высшего образования",
      "programs_count": 46,
      "main_focus": "Подготовка специалистов в преподавательской и научной сфере"
    },
    "phd": {
      "duration": "3 года",
      "description": "Докторские программы",
      "programs_count": 12,
      "main_areas": [
        "Естественно-математические науки",
        "Гуманитарные науки"
      ]
    }
  },

  "admissions": {
    "bachelor_admission": {
      "entrance_exam": "ЕНТ (Единое национальное тестирование)",
      "required_documents": [
        "Документ о среднем образовании (аттестат)",
        "Паспорт",
        "Медицинская справка",
        "Фотографии"
      ],
      "selection_basis": "Результаты ЕНТ и средний балл аттестата",
      "admission_calendar": "Обычно февраль-май (уточнить на официальном сайте)",
      "preparatory_courses": "Программа 'Жас талап' по всем предметам ЕНТ"
    },
    "master_admission": {
      "entrance_requirements": "Диплом о высшем образовании",
      "entrance_exam": "Вступительные экзамены по специальности",
      "required_documents": "Диплом бакалавра, паспорт, медицинская справка",
      "contact": "Приемная комиссия магистратуры"
    },
    "phd_admission": {
      "entrance_requirements": "Диплом магистра",
      "entrance_exam": "Специальные вступительные испытания",
      "contact": "Отдел аспирантуры"
    },
    "admission_contact": "kense@vku.edu.kz",
    "admission_phone": "+7 (7232) 540-812"
  },

  "campus_facilities": {
    "buildings": "8 учебных корпусов",
    "student_housing": "4 общежития на 2100 мест",
    "library": "Научная библиотека с электронными ресурсами",
    "sports_facilities": [
      "Спортивный комплекс",
      "Тренажерный зал им. Трунова",
      "Бассейн 'Чайка'",
      "Спортивные площадки"
    ],
    "medical_center": "Медицинский центр для студентов",
    "cafeteria": "Столовая и кафе",
    "it_labs": "Современные компьютерные классы и IT-лаборатории",
    "workshops": "Учебные мастерские и производственные базы",
    "media_center": "Телерадиокомплекс 'Altay Zhastary'",
    "research_centers": "14 научно-образовательных и исследовательских центров",
    "inclusive_education_center": "Центр инклюзивного образования 'Дана Бала'",
    "military_department": "Военная кафедра имени Кабанбай батыра"
  },

  "student_life": {
    "housing": "Комфортное проживание в 4 общежитиях",
    "student_organizations": "Студенческие клубы и научные общества",
    "cultural_events": "Культурные и спортивные мероприятия",
    "student_government": "Студенческое самоуправление",
    "international_programs": "Программы обмена со 115+ партнерскими университетами",
    "employability": "98% высокой трудоустраиваемости выпускников"
  },

  "scholarships_and_financial_aid": {
    "state_grants": "Государственные гранты выделяются студентам по конкурсу",
    "academic_scholarships": "Академические стипендии за отличную учебу",
    "social_scholarships": "Социальные стипендии для малоимущих студентов",
    "merit_based": "Стипендии в зависимости от учебных результатов"
  },

  "international_cooperation": {
    "partnerships": "115+ международных партнерств",
    "academic_mobility": "200+ мировых университетов для академической мобильности",
    "double_degree_programs": "10 программ двойного диплома",
    "erasmus_plus": "Участие в программе Erasmus+",
    "international_associations": [
      "Евразийская ассоциация университетов (с 1995 года)",
      "Международная академия высшей школы (с 1998 года)",
      "Ассоциация 'Сибирский открытый университет' (с 1999 года)"
    ]
  },

  "rankings": {
    "national_rating_best_multidisciplinary": "6-е место по национальному рейтингу лучших многопрофильных вузов Казахстана (2022)",
    "national_rating_demand": "6-е место по национальному рейтингу востребованности вузов Республики Казахстан (2022)",
    "webometrics_ranking": "30-е место в международном рейтинге веб-сайтов лучших образовательных учреждений мира Webometrics Ranking of World Universities (2022)",
    "qs_asia_ranking": "401-е место по международному рейтингу высших учебных заведений 'QS Asia University Rankings'",
    "qs_ranking": "Участник QS рейтингов"
  },

  "faculty_staff": {
    "total_faculty": "400+ высококвалифицированных преподавателей",
    "doctors_of_science": "19 докторов наук",
    "phd_candidates": "150+ кандидатов наук и докторов PhD"
  },

  "teaching_methods": {
    "system": "Кредитная технология обучения",
    "innovative_approaches": [
      "Интерактивные методы обучения",
      "Дистанционные образовательные технологии",
      "Проектное обучение",
      "Практико-ориентированное образование"
    ]
  },

  "research_activities": {
    "research_centers": "14 научно-образовательных и исследовательских центров",
    "scientific_partnerships": "Более 50 международных научных партнерств",
    "research_focus": [
      "Естественные науки",
      "Технологии",
      "Социальные науки",
      "Гуманитарные исследования"
    ]
  },

  "branch_campus": {
    "mongolia": "Филиал в городе Ульгий, Монголия (открыт в 2001 году)"
  },

  "frequently_asked_questions": {
    "location": "Где находится университет? В г. Усть-Каменогорск, Восточно-Казахстанская область",
    "how_to_apply": "Как подать заявку? Абитуриенты подают документы через приемную комиссию. Контакт: kense@vku.edu.kz или +7 (7232) 540-812",
    "entrance_requirements": "Какие требования для поступления? Для бакалавриата необходимо сдать ЕНТ, для магистратуры - иметь диплом бакалавра",
    "programs_available": "Какие программы доступны? 89 программ бакалавриата, 46 программ магистратуры, 12 докторских программ",
    "tuition_fees": "Какова стоимость обучения? Информация о стоимости доступна на сайте или в приемной комиссии",
    "scholarships": "Есть ли стипендии? Да, государственные гранты, академические и социальные стипендии",
    "dormitory": "Есть ли общежитие? Да, 4 общежития на 2100 мест для нуждающихся студентов",
    "international_programs": "Есть ли международные программы? Да, 115+ партнерских университетов и 10 программ двойного диплома",
    "rector": "Кто ректор университета Сарсена Аманжолова"
  }
}